Time [msec],x [m],y [m],z [m],Red,Green,Blue
0,5,0,0,255,255,255
250,5,0,0.0567,255,255,255
500,5,0,0.1639,255,255,255
750,5,0,0.3169,255,255,255
1000,5,0,0.5111,255,255,255
1250,5,0,0.742,255,255,255
1500,5,0,1.005,255,255,255
1750,5,0,1.2955,255,255,255
2000,5,0,1.6089,255,255,255
2250,5,0,1.9406,255,255,255
2500,5,0,2.2861,255,255,255
2750,5,0,2.6408,255,255,255
3000,5,0,3,255,255,255
3250,5,0,3.3592,255,255,255
3500,5,0,3.7139,255,255,255
3750,5,0,4.0594,255,255,255
4000,5,0,4.3911,255,255,255
4250,5,0,4.7045,255,255,255
4500,5,0,4.995,255,255,255
4750,5,0,5.258,255,255,255
5000,5,0,5.4889,255,255,255
5250,5,0,5.6831,255,255,255
5500,5,0,5.8361,255,255,255
5750,5,0,5.9433,255,255,255
6000,5,0,6,255,255,255
6250,5,0,6,255,255,255
6500,5,0,6,255,255,255
6750,5,0,6,255,255,255
7000,5,0,6,255,255,255
7250,5,0,6,255,255,255
7500,5,0,6,255,255,255
7750,5,0,6,255,255,255
8000,5,0,6,255,255,255
8250,5,0,6,255,255,255
8500,4.9998,0.003,6,255,255,255
8750,4.9992,0.0098,6,255,255,255
9000,4.9982,0.0205,6,255,255,255
9250,4.9967,0.0349,6,255,255,255
9500,4.9948,0.0529,6,255,255,255
9750,4.9924,0.0746,6,255,255,255
10000,4.9896,0.0999,6,255,255,255
10250,4.9862,0.1285,6,255,255,255
10500,4.9823,0.1606,6,255,255,255
10750,4.9779,0.1961,6,255,255,255
11000,4.9729,0.2348,6,255,255,255
11250,4.9673,0.2767,6,255,255,255
11500,4.9612,0.3217,6,255,255,255
11750,4.9544,0.3697,6,255,255,255
12000,4.947,0.4208,6,255,255,255
12250,4.939,0.4748,6,255,255,255
12500,4.9303,0.5316,6,255,255,255
12750,4.9209,0.5913,6,255,255,255
13000,4.9108,0.6536,6,255,255,255
13250,4.9,0.7186,6,255,255,255
13500,4.8885,0.7862,6,255,255,255
13750,4.8763,0.8562,6,255,255,255
14000,4.8633,0.9288,6,255,255,255
14250,4.8495,1.0037,6,255,255,255
14500,4.8349,1.0808,6,255,255,255
14750,4.8194,1.1603,6,255,255,255
15000,4.8032,1.2419,6,255,255,255
15250,4.7861,1.3256,6,255,255,255
15500,4.7682,1.4113,6,255,255,255
15750,4.7493,1.499,6,255,255,255
16000,4.7296,1.5886,6,255,255,255
16250,4.7089,1.68,6,255,255,255
16500,4.6873,1.7732,6,255,255,255
16750,4.6648,1.8681,6,255,255,255
17000,4.6412,1.9645,6,255,255,255
17250,4.6167,2.0626,6,255,255,255
17500,4.5912,2.1621,6,255,255,255
17750,4.5647,2.263,6,255,255,255
18000,4.5371,2.3653,6,255,255,255
18250,4.5085,2.4688,6,255,255,255
18500,4.4788,2.5736,6,255,255,255
18750,4.448,2.6795,6,255,255,255
19000,4.4161,2.7865,6,255,255,255
19250,4.3831,2.8944,6,255,255,255
19500,4.3489,3.0034,6,255,255,255
19750,4.3136,3.1131,6,255,255,255
20000,4.2771,3.2237,6,255,255,255
20250,4.2394,3.335,6,255,255,255
20500,4.2005,3.447,6,255,255,255
20750,4.1604,3.5595,6,255,255,255
21000,4.119,3.6726,6,255,255,255
21250,4.0764,3.7861,6,255,255,255
21500,4.0325,3.9,6,255,255,255
21750,3.9873,4.0143,6,255,255,255
22000,3.9407,4.1287,6,255,255,255
22250,3.8929,4.2434,6,255,255,255
22500,3.8437,4.3582,6,255,255,255
22750,3.7931,4.473,6,255,255,255
23000,3.7412,4.5878,6,255,255,255
23250,3.6878,4.7025,6,255,255,255
23500,3.6331,4.817,6,255,255,255
23750,3.5769,4.9313,6,255,255,255
24000,3.5192,5.0453,6,255,255,255
24250,3.4601,5.159,6,255,255,255
24500,3.3995,5.2722,6,255,255,255
24750,3.3374,5.3849,6,255,255,255
25000,3.2738,5.497,6,255,255,255
25250,3.2086,5.6085,6,255,255,255
25500,3.1419,5.7193,6,255,255,255
25750,3.0736,5.8293,6,255,255,255
26000,3.0037,5.9384,6,255,255,255
26250,2.9323,6.0466,6,255,255,255
26500,2.8592,6.1539,6,255,255,255
26750,2.7844,6.2601,6,255,255,255
27000,2.708,6.3651,6,255,255,255
27250,2.6299,6.469,6,255,255,255
27500,2.5502,6.5716,6,255,255,255
27750,2.4687,6.6729,6,255,255,255
28000,2.3855,6.7728,6,255,255,255
28250,2.3006,6.8713,6,255,255,255
28500,2.2138,6.9682,6,255,255,255
28750,2.1254,7.0635,6,255,255,255
29000,2.0351,7.1571,6,255,255,255
29250,1.943,7.249,6,255,255,255
29500,1.8491,7.3391,6,255,255,255
29750,1.7534,7.4274,6,255,255,255
30000,1.6561,7.5139,6,255,255,255
30250,1.5571,7.5986,6,255,255,255
30500,1.4566,7.6816,6,255,255,255
30750,1.3546,7.7629,6,255,255,255
31000,1.2512,7.8425,6,255,255,255
31250,1.1464,7.9203,6,255,255,255
31500,1.0404,7.9965,6,255,255,255
31750,0.9332,8.071,6,255,255,255
32000,0.8249,8.1439,6,255,255,255
32250,0.7156,8.2152,6,255,255,255
32500,0.6052,8.2848,6,255,255,255
32750,0.494,8.3529,6,255,255,255
33000,0.3819,8.4193,6,255,255,255
33250,0.269,8.4843,6,255,255,255
33500,0.1555,8.5476,6,255,255,255
33750,0.0413,8.6095,6,255,255,255
34000,-0.0734,8.6699,6,255,255,255
34250,-0.1886,8.7287,6,255,255,255
34500,-0.3042,8.7861,6,255,255,255
34750,-0.4202,8.8421,6,255,255,255
35000,-0.5364,8.8966,6,255,255,255
35250,-0.6528,8.9497,6,255,255,255
35500,-0.7694,9.0014,6,255,255,255
35750,-0.8859,9.0517,6,255,255,255
36000,-1.0025,9.1006,6,255,255,255
36250,-1.119,9.1482,6,255,255,255
36500,-1.2353,9.1945,6,255,255,255
36750,-1.3514,9.2395,6,255,255,255
37000,-1.4672,9.2831,6,255,255,255
37250,-1.5826,9.3255,6,255,255,255
37500,-1.6976,9.3666,6,255,255,255
37750,-1.8121,9.4065,6,255,255,255
38000,-1.9259,9.4451,6,255,255,255
38250,-2.0391,9.4826,6,255,255,255
38500,-2.1516,9.5188,6,255,255,255
38750,-2.2633,9.5539,6,255,255,255
39000,-2.3741,9.5878,6,255,255,255
39250,-2.484,9.6206,6,255,255,255
39500,-2.5928,9.6522,6,255,255,255
39750,-2.7006,9.6828,6,255,255,255
40000,-2.8072,9.7122,6,255,255,255
40250,-2.9126,9.7406,6,255,255,255
40500,-3.0167,9.7679,6,255,255,255
40750,-3.1194,9.7942,6,255,255,255
41000,-3.2207,9.8195,6,255,255,255
41250,-3.3205,9.8438,6,255,255,255
41500,-3.4187,9.8671,6,255,255,255
41750,-3.5152,9.8894,6,255,255,255
42000,-3.61,9.9108,6,255,255,255
42250,-3.703,9.9313,6,255,255,255
42500,-3.7941,9.9508,6,255,255,255
42750,-3.8834,9.9694,6,255,255,255
43000,-3.9705,9.9872,6,255,255,255
43250,-4.0557,10.0041,6,255,255,255
43500,-4.1386,10.0202,6,255,255,255
43750,-4.2193,10.0354,6,255,255,255
44000,-4.2978,10.0498,6,255,255,255
44250,-4.3739,10.0634,6,255,255,255
44500,-4.4475,10.0763,6,255,255,255
44750,-4.5186,10.0884,6,255,255,255
45000,-4.5872,10.0997,6,255,255,255
45250,-4.6531,10.1103,6,255,255,255
45500,-4.7163,10.1203,6,255,255,255
45750,-4.7767,10.1295,6,255,255,255
46000,-4.8342,10.1381,6,255,255,255
46250,-4.8888,10.146,6,255,255,255
46500,-4.9403,10.1532,6,255,255,255
46750,-4.9888,10.1599,6,255,255,255
47000,-5.0342,10.166,6,255,255,255
47250,-5.0763,10.1714,6,255,255,255
47500,-5.1152,10.1763,6,255,255,255
47750,-5.1507,10.1807,6,255,255,255
48000,-5.1827,10.1845,6,255,255,255
48250,-5.2113,10.1878,6,255,255,255
48500,-5.2362,10.1906,6,255,255,255
48750,-5.2576,10.1929,6,255,255,255
49000,-5.2752,10.1948,6,255,255,255
49250,-5.289,10.1962,6,255,255,255
49500,-5.2989,10.1972,6,255,255,255
49750,-5.305,10.1978,6,255,255,255
50000,-5.307,10.198,6,255,255,255
50250,-5.307,10.198,6,255,255,255
50500,-5.307,10.198,6,255,255,255
50750,-5.307,10.198,6,255,255,255
51000,-5.307,10.198,6,255,255,255
51250,-5.307,10.198,6,255,255,255
51500,-5.307,10.198,6,255,255,255
51750,-5.307,10.198,6,255,255,255
52000,-5.307,10.198,6,255,255,255
52250,-5.307,10.198,6,255,255,255
52500,-5.307,10.198,6,255,255,255
52750,-5.3058,10.198,6,255,255,255
53000,-5.3022,10.198,6,255,255,255
53250,-5.2963,10.198,6,255,255,255
53500,-5.2881,10.198,6,255,255,255
53750,-5.2776,10.198,6,255,255,255
54000,-5.2647,10.198,6,255,255,255
54250,-5.2496,10.198,6,255,255,255
54500,-5.2323,10.198,6,255,255,255
54750,-5.2127,10.198,6,255,255,255
55000,-5.191,10.198,6,255,255,255
55250,-5.167,10.198,6,255,255,255
55500,-5.141,10.198,6,255,255,255
55750,-5.1127,10.198,6,255,255,255
56000,-5.0824,10.198,6,255,255,255
56250,-5.05,10.198,6,255,255,255
56500,-5.0155,10.198,6,255,255,255
56750,-4.9789,10.198,6,255,255,255
57000,-4.9403,10.198,6,255,255,255
57250,-4.8997,10.198,6,255,255,255
57500,-4.8572,10.198,6,255,255,255
57750,-4.8126,10.198,6,255,255,255
58000,-4.7661,10.198,6,255,255,255
58250,-4.7177,10.198,6,255,255,255
58500,-4.6674,10.198,6,255,255,255
58750,-4.6152,10.198,6,255,255,255
59000,-4.5612,10.198,6,255,255,255
59250,-4.5053,10.198,6,255,255,255
59500,-4.4476,10.198,6,255,255,255
59750,-4.3881,10.198,6,255,255,255
60000,-4.3269,10.198,6,255,255,255
60250,-4.2639,10.198,6,255,255,255
60500,-4.1991,10.198,6,255,255,255
60750,-4.1327,10.198,6,255,255,255
61000,-4.0645,10.198,6,255,255,255
61250,-3.9947,10.198,6,255,255,255
61500,-3.9233,10.198,6,255,255,255
61750,-3.8502,10.198,6,255,255,255
62000,-3.7756,10.198,6,255,255,255
62250,-3.6993,10.198,6,255,255,255
62500,-3.6215,10.198,6,255,255,255
62750,-3.5422,10.198,6,255,255,255
63000,-3.4613,10.198,6,255,255,255
63250,-3.3789,10.198,6,255,255,255
63500,-3.2951,10.198,6,255,255,255
63750,-3.2098,10.198,6,255,255,255
64000,-3.1231,10.198,6,255,255,255
64250,-3.035,10.198,6,255,255,255
64500,-2.9455,10.198,6,255,255,255
64750,-2.8546,10.198,6,255,255,255
65000,-2.7624,10.198,6,255,255,255
65250,-2.6688,10.198,6,255,255,255
65500,-2.574,10.198,6,255,255,255
65750,-2.4779,10.198,6,255,255,255
66000,-2.3805,10.198,6,255,255,255
66250,-2.2818,10.198,6,255,255,255
66500,-2.182,10.198,6,255,255,255
66750,-2.081,10.198,6,255,255,255
67000,-1.9787,10.198,6,255,255,255
67250,-1.8754,10.198,6,255,255,255
67500,-1.7709,10.198,6,255,255,255
67750,-1.6653,10.198,6,255,255,255
68000,-1.5586,10.198,6,255,255,255
68250,-1.4508,10.198,6,255,255,255
68500,-1.342,10.198,6,255,255,255
68750,-1.2321,10.198,6,255,255,255
69000,-1.1213,10.198,6,255,255,255
69250,-1.0095,10.198,6,255,255,255
69500,-0.8967,10.198,6,255,255,255
69750,-0.783,10.198,6,255,255,255
70000,-0.6683,10.198,6,255,255,255
70250,-0.5528,10.198,6,255,255,255
70500,-0.4364,10.198,6,255,255,255
70750,-0.3191,10.198,6,255,255,255
71000,-0.201,10.198,6,255,255,255
71250,-0.0821,10.198,6,255,255,255
71500,0.0376,10.198,6,255,255,255
71750,0.1581,10.198,6,255,255,255
72000,0.2793,10.198,6,255,255,255
72250,0.4013,10.198,6,255,255,255
72500,0.5239,10.198,6,255,255,255
72750,0.6472,10.198,6,255,255,255
73000,0.7712,10.198,6,255,255,255
73250,0.8959,10.198,6,255,255,255
73500,1.0211,10.198,6,255,255,255
73750,1.147,10.198,6,255,255,255
74000,1.2734,10.198,6,255,255,255
74250,1.4004,10.198,6,255,255,255
74500,1.5279,10.198,6,255,255,255
74750,1.6559,10.198,6,255,255,255
75000,1.7845,10.198,6,255,255,255
75250,1.9135,10.198,6,255,255,255
75500,2.0429,10.198,6,255,255,255
75750,2.1728,10.198,6,255,255,255
76000,2.303,10.198,6,255,255,255
76250,2.4337,10.198,6,255,255,255
76500,2.5647,10.198,6,255,255,255
76750,2.6961,10.198,6,255,255,255
77000,2.8278,10.198,6,255,255,255
77250,2.9597,10.198,6,255,255,255
77500,3.092,10.198,6,255,255,255
77750,3.2245,10.198,6,255,255,255
78000,3.3573,10.198,6,255,255,255
78250,3.4902,10.198,6,255,255,255
78500,3.6234,10.198,6,255,255,255
78750,3.7567,10.198,6,255,255,255
79000,3.8902,10.198,6,255,255,255
79250,4.0238,10.198,6,255,255,255
79500,4.1575,10.198,6,255,255,255
79750,4.2913,10.198,6,255,255,255
80000,4.4252,10.198,6,255,255,255
80250,4.5591,10.198,6,255,255,255
80500,4.693,10.198,6,255,255,255
80750,4.8269,10.198,6,255,255,255
81000,4.9608,10.198,6,255,255,255
81250,5.0947,10.198,6,255,255,255
81500,5.2285,10.198,6,255,255,255
81750,5.3622,10.198,6,255,255,255
82000,5.4958,10.198,6,255,255,255
82250,5.6293,10.198,6,255,255,255
82500,5.7626,10.198,6,255,255,255
82750,5.8958,10.198,6,255,255,255
83000,6.0287,10.198,6,255,255,255
83250,6.1615,10.198,6,255,255,255
83500,6.294,10.198,6,255,255,255
83750,6.4263,10.198,6,255,255,255
84000,6.5582,10.198,6,255,255,255
84250,6.6899,10.198,6,255,255,255
84500,6.8213,10.198,6,255,255,255
84750,6.9523,10.198,6,255,255,255
85000,7.083,10.198,6,255,255,255
85250,7.2132,10.198,6,255,255,255
85500,7.3431,10.198,6,255,255,255
85750,7.4725,10.198,6,255,255,255
86000,7.6015,10.198,6,255,255,255
86250,7.7301,10.198,6,255,255,255
86500,7.8581,10.198,6,255,255,255
86750,7.9856,10.198,6,255,255,255
87000,8.1126,10.198,6,255,255,255
87250,8.239,10.198,6,255,255,255
87500,8.3649,10.198,6,255,255,255
87750,8.4901,10.198,6,255,255,255
88000,8.6148,10.198,6,255,255,255
88250,8.7388,10.198,6,255,255,255
88500,8.8621,10.198,6,255,255,255
88750,8.9847,10.198,6,255,255,255
89000,9.1067,10.198,6,255,255,255
89250,9.2279,10.198,6,255,255,255
89500,9.3484,10.198,6,255,255,255
89750,9.4681,10.198,6,255,255,255
90000,9.587,10.198,6,255,255,255
90250,9.7051,10.198,6,255,255,255
90500,9.8224,10.198,6,255,255,255
90750,9.9388,10.198,6,255,255,255
91000,10.0543,10.198,6,255,255,255
91250,10.169,10.198,6,255,255,255
91500,10.2827,10.198,6,255,255,255
91750,10.3955,10.198,6,255,255,255
92000,10.5073,10.198,6,255,255,255
92250,10.6181,10.198,6,255,255,255
92500,10.728,10.198,6,255,255,255
92750,10.8368,10.198,6,255,255,255
93000,10.9446,10.198,6,255,255,255
93250,11.0513,10.198,6,255,255,255
93500,11.1569,10.198,6,255,255,255
93750,11.2614,10.198,6,255,255,255
94000,11.3647,10.198,6,255,255,255
94250,11.467,10.198,6,255,255,255
94500,11.568,10.198,6,255,255,255
94750,11.6678,10.198,6,255,255,255
95000,11.7665,10.198,6,255,255,255
95250,11.8639,10.198,6,255,255,255
95500,11.96,10.198,6,255,255,255
95750,12.0548,10.198,6,255,255,255
96000,12.1484,10.198,6,255,255,255
96250,12.2406,10.198,6,255,255,255
96500,12.3315,10.198,6,255,255,255
96750,12.421,10.198,6,255,255,255
97000,12.5091,10.198,6,255,255,255
97250,12.5958,10.198,6,255,255,255
97500,12.6811,10.198,6,255,255,255
97750,12.7649,10.198,6,255,255,255
98000,12.8473,10.198,6,255,255,255
98250,12.9282,10.198,6,255,255,255
98500,13.0075,10.198,6,255,255,255
98750,13.0853,10.198,6,255,255,255
99000,13.1616,10.198,6,255,255,255
99250,13.2362,10.198,6,255,255,255
99500,13.3093,10.198,6,255,255,255
99750,13.3807,10.198,6,255,255,255
100000,13.4505,10.198,6,255,255,255
100250,13.5187,10.198,6,255,255,255
100500,13.5851,10.198,6,255,255,255
100750,13.6499,10.198,6,255,255,255
101000,13.7129,10.198,6,255,255,255
101250,13.7741,10.198,6,255,255,255
101500,13.8336,10.198,6,255,255,255
101750,13.8913,10.198,6,255,255,255
102000,13.9472,10.198,6,255,255,255
102250,14.0012,10.198,6,255,255,255
102500,14.0534,10.198,6,255,255,255
102750,14.1037,10.198,6,255,255,255
103000,14.1521,10.198,6,255,255,255
103250,14.1986,10.198,6,255,255,255
103500,14.2432,10.198,6,255,255,255
103750,14.2857,10.198,6,255,255,255
104000,14.3263,10.198,6,255,255,255
104250,14.3649,10.198,6,255,255,255
104500,14.4015,10.198,6,255,255,255
104750,14.436,10.198,6,255,255,255
105000,14.4684,10.198,6,255,255,255
105250,14.4987,10.198,6,255,255,255
105500,14.527,10.198,6,255,255,255
105750,14.553,10.198,6,255,255,255
106000,14.577,10.198,6,255,255,255
106250,14.5987,10.198,6,255,255,255
106500,14.6183,10.198,6,255,255,255
106750,14.6356,10.198,6,255,255,255
107000,14.6507,10.198,6,255,255,255
107250,14.6636,10.198,6,255,255,255
107500,14.6741,10.198,6,255,255,255
107750,14.6823,10.198,6,255,255,255
108000,14.6882,10.198,6,255,255,255
108250,14.6918,10.198,6,255,255,255
108500,14.693,10.198,6,255,255,255
108750,14.693,10.198,6,255,255,255
109000,14.693,10.198,6,255,255,255
109250,14.693,10.198,6,255,255,255
109500,14.693,10.198,6,255,255,255
109750,14.693,10.198,6,255,255,255
110000,14.693,10.198,6,255,255,255
110250,14.693,10.198,6,255,255,255
110500,14.693,10.198,6,255,255,255
110750,14.693,10.198,6,255,255,255
111000,14.693,10.198,6,255,255,255
111250,14.693,10.198,6,255,255,255
111500,14.693,10.198,6,255,255,255
111750,14.693,10.198,6,255,255,255
112000,14.693,10.198,6,255,255,255
112250,14.693,10.198,6,255,255,255
112500,14.693,10.198,6,255,255,255
112750,14.693,10.198,6,255,255,255
113000,14.693,10.198,6,255,255,255
113250,14.693,10.198,6,255,255,255
113500,14.693,10.198,6,255,255,255
113750,14.693,10.198,6,255,255,255
114000,14.693,10.198,6,255,255,255
114250,14.693,10.198,6,255,255,255
114500,14.693,10.198,6,255,255,255
114750,14.693,10.198,6,255,255,255
115000,14.693,10.198,6,255,255,255
115250,14.693,10.198,6,255,255,255
115500,14.693,10.198,6,255,255,255
115750,14.693,10.198,6,255,255,255
116000,14.693,10.198,6,255,255,255
116250,14.693,10.198,6,255,255,255
116500,14.693,10.198,6,255,255,255
116750,14.693,10.198,6,255,255,255
117000,14.693,10.198,6,255,255,255
117250,14.693,10.198,6,255,255,255
117500,14.693,10.198,6,255,255,255
117750,14.693,10.198,6,255,255,255
118000,14.693,10.198,6,255,255,255
118250,14.693,10.198,6,255,255,255
118500,14.693,10.198,6,255,255,255
118750,14.693,10.198,6,255,255,255
119000,14.693,10.198,6,255,255,255
119250,14.693,10.198,6,255,255,255
119500,14.693,10.198,6,255,255,255
119750,14.693,10.198,6,255,255,255
120000,14.693,10.198,6,255,255,255
120250,14.693,10.198,6,255,255,255
120500,14.693,10.198,6,255,255,255
120750,14.693,10.198,6,255,255,255
121000,14.693,10.198,6,255,255,255
121250,14.693,10.198,6,255,255,255
121500,14.693,10.198,6,255,255,255
121750,14.693,10.198,6,255,255,255
122000,14.693,10.198,6,255,255,255
122250,14.693,10.198,6,255,255,255
122500,14.693,10.198,6,255,255,255
122750,14.693,10.198,6,255,255,255
123000,14.693,10.198,6,255,255,255
123250,14.693,10.198,6,255,255,255
123500,14.693,10.198,6,255,255,255
123750,14.693,10.198,6,255,255,255
124000,14.693,10.198,6,255,255,255
124250,14.693,10.198,6,255,255,255
124500,14.693,10.198,6,255,255,255
124750,14.693,10.198,6,255,255,255
125000,14.693,10.198,6,255,255,255
125250,14.693,10.198,6,255,255,255
125500,14.693,10.198,6,255,255,255
125750,14.693,10.198,6,255,255,255
126000,14.693,10.198,6,255,255,255
126250,14.693,10.198,6,255,255,255
126500,14.693,10.198,6,255,255,255
126750,14.693,10.198,6,255,255,255
127000,14.693,10.198,6,255,255,255
127250,14.693,10.198,6,255,255,255
127500,14.693,10.198,6,255,255,255
127750,14.693,10.198,6,255,255,255
128000,14.693,10.198,6,255,255,255
128250,14.693,10.198,6,255,255,255
128500,14.693,10.198,6,255,255,255
128750,14.693,10.198,6,255,255,255
129000,14.693,10.198,6,255,255,255
129250,14.693,10.198,6,255,255,255
129500,14.693,10.198,6,255,255,255
129750,14.693,10.198,6,255,255,255
130000,14.693,10.198,6,255,255,255
130250,14.693,10.198,6,255,255,255
130500,14.693,10.198,6,255,255,255
130750,14.693,10.198,6,255,255,255
131000,14.693,10.198,6,255,255,255
131250,14.693,10.198,6,255,255,255
131500,14.693,10.198,6,255,255,255
131750,14.693,10.198,6,255,255,255
132000,14.693,10.198,6,255,255,255
132250,14.693,10.198,6,255,255,255
132500,14.693,10.198,6,255,255,255
132750,14.693,10.198,6,255,255,255
133000,14.693,10.198,6,255,255,255
133250,14.693,10.198,6,255,255,255
133500,14.693,10.198,6,255,255,255
133750,14.693,10.198,6,255,255,255
134000,14.693,10.198,6,255,255,255
134250,14.693,10.198,6,255,255,255
134500,14.693,10.198,6,255,255,255
134750,14.693,10.198,6,255,255,255
135000,14.693,10.198,6,255,255,255
135250,14.693,10.198,6,255,255,255
135500,14.693,10.198,6,255,255,255
135750,14.693,10.198,6,255,255,255
136000,14.693,10.198,6,255,255,255
136250,14.693,10.198,6,255,255,255
136500,14.693,10.198,6,255,255,255
136750,14.693,10.198,6,255,255,255
137000,14.693,10.198,6,255,255,255
137250,14.693,10.198,6,255,255,255
137500,14.693,10.198,6,255,255,255
137750,14.693,10.198,6,255,255,255
138000,14.693,10.198,6,255,255,255
138250,14.693,10.198,6,255,255,255
138500,14.693,10.198,6,255,255,255
138750,14.693,10.198,6,255,255,255
139000,14.693,10.198,6,255,255,255
139250,14.693,10.198,6,255,255,255
139500,14.693,10.198,6,255,255,255
139750,14.693,10.198,6,255,255,255
140000,14.693,10.198,6,255,255,255
140250,14.693,10.198,6,255,255,255
140500,14.693,10.198,6,255,255,255
140750,14.693,10.198,6,255,255,255
141000,14.693,10.198,6,255,255,255
141250,14.693,10.198,6,255,255,255
141500,14.693,10.198,6,255,255,255
141750,14.693,10.198,6,255,255,255
142000,14.693,10.198,6,255,255,255
142250,14.693,10.198,6,255,255,255
142500,14.693,10.198,6,255,255,255
142750,14.693,10.198,6,255,255,255
143000,14.693,10.198,6,255,255,255
143250,14.693,10.198,6,255,255,255
143500,14.693,10.198,6,255,255,255
143750,14.693,10.198,6,255,255,255
144000,14.693,10.198,6,255,255,255
144250,14.693,10.198,6,255,255,255
144500,14.693,10.198,6,255,255,255
144750,14.693,10.198,6,255,255,255
145000,14.693,10.198,6,255,255,255
145250,14.693,10.198,6,255,255,255
145500,14.693,10.198,6,255,255,255
145750,14.693,10.198,6,255,255,255
146000,14.693,10.198,6,255,255,255
146250,14.693,10.198,6,255,255,255
146500,14.693,10.198,6,255,255,255
146750,14.693,10.198,6,255,255,255
147000,14.693,10.198,6,255,255,255
147250,14.693,10.198,6,255,255,255
147500,14.693,10.198,6,255,255,255
147750,14.693,10.198,6,255,255,255
148000,14.693,10.198,6,255,255,255
148250,14.693,10.198,6,255,255,255
148500,14.693,10.198,6,255,255,255
148750,14.693,10.198,6,255,255,255
149000,14.693,10.198,6,255,255,255
149250,14.693,10.198,6,255,255,255
149500,14.693,10.198,6,255,255,255
149750,14.693,10.198,6,255,255,255
150000,14.693,10.198,6,255,255,255
150250,14.693,10.198,6,255,255,255
150500,14.693,10.198,6,255,255,255
150750,14.693,10.198,6,255,255,255
151000,14.693,10.198,6,255,255,255
151250,14.693,10.198,6,255,255,255
151500,14.693,10.198,6,255,255,255
151750,14.693,10.198,6,255,255,255
152000,14.693,10.198,6,255,255,255
152250,14.693,10.198,6,255,255,255
152500,14.693,10.198,6,255,255,255
152750,14.693,10.198,6,255,255,255
153000,14.693,10.198,6,255,255,255
153250,14.693,10.198,6,255,255,255
153500,14.693,10.198,6,255,255,255
153750,14.693,10.198,6,255,255,255
154000,14.693,10.198,6,255,255,255
154250,14.693,10.198,6,255,255,255
154500,14.693,10.198,6,255,255,255
154750,14.693,10.198,6,255,255,255
155000,14.693,10.198,6,255,255,255
155250,14.693,10.198,6,255,255,255
155500,14.693,10.198,6,255,255,255
155750,14.693,10.198,6,255,255,255
156000,14.693,10.198,6,255,255,255
156250,14.693,10.198,6,255,255,255
156500,14.693,10.198,6,255,255,255
156750,14.693,10.198,6,255,255,255
157000,14.693,10.198,6,255,255,255
157250,14.693,10.198,6,255,255,255
157500,14.693,10.198,6,255,255,255
157750,14.693,10.198,6,255,255,255
158000,14.693,10.198,6,255,255,255
158250,14.693,10.198,6,255,255,255
158500,14.6908,10.1984,6,255,255,255
158750,14.6844,10.1997,6,255,255,255
159000,14.6737,10.2019,6,255,255,255
159250,14.6589,10.2049,6,255,255,255
159500,14.64,10.2086,6,255,255,255
159750,14.6171,10.2132,6,255,255,255
160000,14.5903,10.2186,6,255,255,255
160250,14.5596,10.2248,6,255,255,255
160500,14.5252,10.2317,6,255,255,255
160750,14.4871,10.2393,6,255,255,255
161000,14.4454,10.2477,6,255,255,255
161250,14.4001,10.2568,6,255,255,255
161500,14.3513,10.2666,6,255,255,255
161750,14.2992,10.2771,6,255,255,255
162000,14.2437,10.2882,6,255,255,255
162250,14.185,10.3,6,255,255,255
162500,14.1231,10.3124,6,255,255,255
162750,14.0581,10.3254,6,255,255,255
163000,13.9901,10.3391,6,255,255,255
163250,13.9191,10.3533,6,255,255,255
163500,13.8453,10.3682,6,255,255,255
163750,13.7686,10.3835,6,255,255,255
164000,13.6892,10.3995,6,255,255,255
164250,13.6072,10.4159,6,255,255,255
164500,13.5226,10.4329,6,255,255,255
164750,13.4355,10.4504,6,255,255,255
165000,13.3459,10.4684,6,255,255,255
165250,13.2541,10.4868,6,255,255,255
165500,13.1599,10.5057,6,255,255,255
165750,13.0635,10.525,6,255,255,255
166000,12.965,10.5448,6,255,255,255
166250,12.8644,10.565,6,255,255,255
166500,12.7619,10.5856,6,255,255,255
166750,12.6574,10.6065,6,255,255,255
167000,12.5511,10.6278,6,255,255,255
167250,12.443,10.6495,6,255,255,255
167500,12.3333,10.6715,6,255,255,255
167750,12.222,10.6939,6,255,255,255
168000,12.1091,10.7165,6,255,255,255
168250,11.9947,10.7395,6,255,255,255
168500,11.879,10.7627,6,255,255,255
168750,11.762,10.7861,6,255,255,255
169000,11.6437,10.8099,6,255,255,255
169250,11.5242,10.8338,6,255,255,255
169500,11.4037,10.858,6,255,255,255
169750,11.2821,10.8824,6,255,255,255
170000,11.1597,10.9069,6,255,255,255
170250,11.0363,10.9317,6,255,255,255
170500,10.9122,10.9566,6,255,255,255
170750,10.7873,10.9816,6,255,255,255
171000,10.6618,11.0067,6,255,255,255
171250,10.5357,11.032,6,255,255,255
171500,10.4092,11.0574,6,255,255,255
171750,10.2822,11.0828,6,255,255,255
172000,10.1549,11.1084,6,255,255,255
172250,10.0273,11.1339,6,255,255,255
172500,9.8995,11.1595,6,255,255,255
172750,9.7716,11.1852,6,255,255,255
173000,9.6436,11.2108,6,255,255,255
173250,9.5157,11.2365,6,255,255,255
173500,9.3879,11.2621,6,255,255,255
173750,9.2603,11.2876,6,255,255,255
174000,9.1329,11.3132,6,255,255,255
174250,9.0058,11.3386,6,255,255,255
174500,8.8791,11.364,6,255,255,255
174750,8.753,11.3893,6,255,255,255
175000,8.6273,11.4144,6,255,255,255
175250,8.5023,11.4394,6,255,255,255
175500,8.378,11.4643,6,255,255,255
175750,8.2545,11.4891,6,255,255,255
176000,8.1318,11.5136,6,255,255,255
176250,8.01,11.538,6,255,255,255
176500,7.8892,11.5622,6,255,255,255
176750,7.7695,11.5861,6,255,255,255
177000,7.651,11.6099,6,255,255,255
177250,7.5336,11.6333,6,255,255,255
177500,7.4176,11.6565,6,255,255,255
177750,7.3029,11.6795,6,255,255,255
178000,7.1897,11.7021,6,255,255,255
178250,7.078,11.7245,6,255,255,255
178500,6.9679,11.7465,6,255,255,255
178750,6.8594,11.7682,6,255,255,255
179000,6.7527,11.7895,6,255,255,255
179250,6.6478,11.8104,6,255,255,255
179500,6.5448,11.831,6,255,255,255
179750,6.4438,11.8512,6,255,255,255
180000,6.3448,11.871,6,255,255,255
180250,6.2479,11.8903,6,255,255,255
180500,6.1532,11.9092,6,255,255,255
180750,6.0608,11.9276,6,255,255,255
181000,5.9707,11.9456,6,255,255,255
181250,5.8831,11.9631,6,255,255,255
181500,5.7979,11.9801,6,255,255,255
181750,5.7152,11.9965,6,255,255,255
182000,5.6352,12.0125,6,255,255,255
182250,5.558,12.0278,6,255,255,255
182500,5.4835,12.0427,6,255,255,255
182750,5.4118,12.0569,6,255,255,255
183000,5.3431,12.0706,6,255,255,255
183250,5.2774,12.0836,6,255,255,255
183500,5.2148,12.096,6,255,255,255
183750,5.1554,12.1078,6,255,255,255
184000,5.0991,12.1189,6,255,255,255
184250,5.0462,12.1294,6,255,255,255
184500,4.9967,12.1392,6,255,255,255
184750,4.9506,12.1483,6,255,255,255
185000,4.908,12.1567,6,255,255,255
185250,4.8691,12.1643,6,255,255,255
185500,4.8338,12.1712,6,255,255,255
185750,4.8023,12.1774,6,255,255,255
186000,4.7746,12.1828,6,255,255,255
186250,4.7508,12.1874,6,255,255,255
186500,4.731,12.1911,6,255,255,255
186750,4.7152,12.1941,6,255,255,255
187000,4.7036,12.1963,6,255,255,255
187250,4.6962,12.1976,6,255,255,255
187500,4.693,12.198,6,255,255,255
187750,4.693,12.198,6,255,255,255
188000,4.693,12.198,6,255,255,255
188250,4.693,12.198,6,255,255,255
188500,4.693,12.198,6,255,255,255
188750,4.693,12.198,6,255,255,255
189000,4.693,12.198,6,255,255,255
189250,4.693,12.198,6,255,255,255
189500,4.693,12.198,6,255,255,255
189750,4.693,12.198,6,255,255,255
190000,4.693,12.198,6,255,255,255
190250,4.693,12.198,6,255,255,255
190500,4.693,12.198,6,255,255,255
190750,4.693,12.198,6,255,255,255
191000,4.693,12.198,6,255,255,255
191250,4.693,12.198,6,255,255,255
191500,4.693,12.198,6,255,255,255
191750,4.693,12.198,6,255,255,255
192000,4.693,12.198,6,255,255,255
192250,4.693,12.198,6,255,255,255
192500,4.693,12.198,6,255,255,255
192750,4.693,12.198,6,255,255,255
193000,4.693,12.198,6,255,255,255
193250,4.693,12.198,6,255,255,255
193500,4.693,12.198,6,255,255,255
193750,4.693,12.198,6,255,255,255
194000,4.693,12.198,6,255,255,255
194250,4.693,12.198,6,255,255,255
194500,4.693,12.198,6,255,255,255
194750,4.693,12.198,6,255,255,255
195000,4.693,12.198,6,255,255,255
195250,4.6931,12.1935,6,255,255,255
195500,4.6934,12.182,6,255,255,255
195750,4.6938,12.1637,6,255,255,255
196000,4.6944,12.1387,6,255,255,255
196250,4.6952,12.1072,6,255,255,255
196500,4.6961,12.0693,6,255,255,255
196750,4.6972,12.0252,6,255,255,255
197000,4.6985,11.9749,6,255,255,255
197250,4.6999,11.9187,6,255,255,255
197500,4.7014,11.8566,6,255,255,255
197750,4.7031,11.7889,6,255,255,255
198000,4.705,11.7155,6,255,255,255
198250,4.7069,11.6368,6,255,255,255
198500,4.7091,11.5528,6,255,255,255
198750,4.7113,11.4637,6,255,255,255
199000,4.7137,11.3696,6,255,255,255
199250,4.7162,11.2706,6,255,255,255
199500,4.7188,11.1669,6,255,255,255
199750,4.7215,11.0587,6,255,255,255
200000,4.7243,10.946,6,255,255,255
200250,4.7273,10.829,6,255,255,255
200500,4.7304,10.7079,6,255,255,255
200750,4.7335,10.5828,6,255,255,255
201000,4.7368,10.4538,6,255,255,255
201250,4.7401,10.3211,6,255,255,255
201500,4.7436,10.1848,6,255,255,255
201750,4.7471,10.045,6,255,255,255
202000,4.7507,9.9019,6,255,255,255
202250,4.7544,9.7557,6,255,255,255
202500,4.7582,9.6065,6,255,255,255
202750,4.762,9.4543,6,255,255,255
203000,4.7659,9.2994,6,255,255,255
203250,4.7699,9.1419,6,255,255,255
203500,4.7739,8.982,6,255,255,255
203750,4.778,8.8197,6,255,255,255
204000,4.7822,8.6552,6,255,255,255
204250,4.7864,8.4887,6,255,255,255
204500,4.7907,8.3203,6,255,255,255
204750,4.795,8.1501,6,255,255,255
205000,4.7993,7.9783,6,255,255,255
205250,4.8037,7.805,6,255,255,255
205500,4.8081,7.6304,6,255,255,255
205750,4.8126,7.4545,6,255,255,255
206000,4.817,7.2776,6,255,255,255
206250,4.8215,7.0998,6,255,255,255
206500,4.826,6.9212,6,255,255,255
206750,4.8306,6.742,6,255,255,255
207000,4.8351,6.5622,6,255,255,255
207250,4.8397,6.3821,6,255,255,255
207500,4.8442,6.2018,6,255,255,255
207750,4.8488,6.0214,6,255,255,255
208000,4.8533,5.8411,6,255,255,255
208250,4.8579,5.6609,6,255,255,255
208500,4.8624,5.4811,6,255,255,255
208750,4.867,5.3018,6,255,255,255
209000,4.8715,5.1231,6,255,255,255
209250,4.876,4.9452,6,255,255,255
209500,4.8804,4.7681,6,255,255,255
209750,4.8849,4.5922,6,255,255,255
210000,4.8893,4.4173,6,255,255,255
210250,4.8937,4.2439,6,255,255,255
210500,4.898,4.0718,6,255,255,255
210750,4.9023,3.9014,6,255,255,255
211000,4.9066,3.7327,6,255,255,255
211250,4.9108,3.566,6,255,255,255
211500,4.915,3.4012,6,255,255,255
211750,4.9191,3.2386,6,255,255,255
212000,4.9231,3.0783,6,255,255,255
212250,4.9271,2.9204,6,255,255,255
212500,4.931,2.7652,6,255,255,255
212750,4.9348,2.6126,6,255,255,255
213000,4.9386,2.463,6,255,255,255
213250,4.9423,2.3163,6,255,255,255
213500,4.9459,2.1728,6,255,255,255
213750,4.9494,2.0325,6,255,255,255
214000,4.9529,1.8957,6,255,255,255
214250,4.9562,1.7625,6,255,255,255
214500,4.9595,1.633,6,255,255,255
214750,4.9626,1.5073,6,255,255,255
215000,4.9657,1.3856,6,255,255,255
215250,4.9687,1.268,6,255,255,255
215500,4.9715,1.1547,6,255,255,255
215750,4.9742,1.0459,6,255,255,255
216000,4.9768,0.9415,6,255,255,255
216250,4.9793,0.8419,6,255,255,255
216500,4.9817,0.7471,6,255,255,255
216750,4.9839,0.6572,6,255,255,255
217000,4.9861,0.5725,6,255,255,255
217250,4.988,0.493,6,255,255,255
217500,4.9899,0.4189,6,255,255,255
217750,4.9916,0.3504,6,255,255,255
218000,4.9931,0.2875,6,255,255,255
218250,4.9945,0.2304,6,255,255,255
218500,4.9958,0.1793,6,255,255,255
218750,4.9969,0.1343,6,255,255,255
219000,4.9978,0.0955,6,255,255,255
219250,4.9986,0.0631,6,255,255,255
219500,4.9992,0.0372,6,255,255,255
219750,4.9996,0.018,6,255,255,255
220000,4.9999,0.0055,6,255,255,255
220250,5,0,6,255,255,255
220500,5,0,6,255,255,255
220750,5,0,6,255,255,255
221000,5,0,6,255,255,255
221250,5,0,6,255,255,255
221500,5,0,6,255,255,255
221750,5,0,6,255,255,255
222000,5,0,6,255,255,255
222250,5,0,6,255,255,255
222500,5,0,6,255,255,255
222750,5,0,6,255,255,255
223000,5,0,6,255,255,255
223250,5,0,6,255,255,255
223500,5,0,6,255,255,255
223750,5,0,6,255,255,255
224000,5,0,6,255,255,255
224250,5,0,5.9916,255,255,255
224500,5,0,5.969,255,255,255
224750,5,0,5.9326,255,255,255
225000,5,0,5.8832,255,255,255
225250,5,0,5.8213,255,255,255
225500,5,0,5.7475,255,255,255
225750,5,0,5.6625,255,255,255
226000,5,0,5.5668,255,255,255
226250,5,0,5.4611,255,255,255
226500,5,0,5.346,255,255,255
226750,5,0,5.222,255,255,255
227000,5,0,5.0899,255,255,255
227250,5,0,4.9501,255,255,255
227500,5,0,4.8034,255,255,255
227750,5,0,4.6502,255,255,255
228000,5,0,4.4913,255,255,255
228250,5,0,4.3273,255,255,255
228500,5,0,4.1587,255,255,255
228750,5,0,3.9861,255,255,255
229000,5,0,3.8102,255,255,255
229250,5,0,3.6316,255,255,255
229500,5,0,3.4509,255,255,255
229750,5,0,3.2687,255,255,255
230000,5,0,3.0856,255,255,255
230250,5,0,2.9022,255,255,255
230500,5,0,2.7191,255,255,255
230750,5,0,2.537,255,255,255
231000,5,0,2.3564,255,255,255
231250,5,0,2.1779,255,255,255
231500,5,0,2.0023,255,255,255
231750,5,0,1.83,255,255,255
232000,5,0,1.6616,255,255,255
232250,5,0,1.4979,255,255,255
232500,5,0,1.3394,255,255,255
232750,5,0,1.1866,255,255,255
233000,5,0,1.0403,255,255,255
233250,5,0,0.9011,255,255,255
233500,5,0,0.7694,255,255,255
233750,5,0,0.6461,255,255,255
234000,5,0,0.5315,255,255,255
234250,5,0,0.4265,255,255,255
234500,5,0,0.3315,255,255,255
234750,5,0,0.2472,255,255,255
235000,5,0,0.1742,255,255,255
235250,5,0,0.1131,255,255,255
235500,5,0,0.0645,255,255,255
235750,5,0,0.0291,255,255,255
236000,5,0,0.0074,255,255,255
236250,5,0,0,255,255,255
236500,5,0,0,255,255,255
236750,5,0,0,255,255,255
237000,5,0,0,255,255,255
237250,5,0,0,255,255,255
237500,5,0,0,255,255,255
237750,5,0,0,255,255,255
238000,5,0,0,255,255,255
238250,5,0,0,255,255,255
238500,5,0,0,255,255,255
238750,5,0,0,255,255,255
239000,5,0,0,255,255,255
239250,5,0,0,255,255,255
239500,5,0,0,255,255,255
239750,5,0,0,255,255,255
240000,5,0,0,255,255,255
240250,5,0,0,255,255,255
240500,5,0,0,255,255,255
240750,5,0,0,255,255,255
241000,5,0,0,255,255,255
241250,5,0,0,255,255,255
241500,5,0,0,255,255,255
241750,5,0,0,255,255,255
242000,5,0,0,255,255,255
242250,5,0,0,255,255,255
242500,5,0,0,255,255,255
242750,5,0,0,255,255,255
243000,5,0,0,255,255,255
243250,5,0,0,255,255,255
243500,5,0,0,255,255,255
243750,5,0,0,255,255,255
244000,5,0,0,255,255,255
244250,5,0,0,255,255,255
244500,5,0,0,255,255,255
244750,5,0,0,255,255,255
245000,5,0,0,255,255,255
245250,5,0,0,255,255,255
245500,5,0,0,255,255,255
245750,5,0,0,255,255,255
246000,5,0,0,255,255,255
246250,5,0,0,255,255,255
246500,5,0,0,255,255,255
246750,5,0,0,255,255,255
247000,5,0,0,255,255,255
247250,5,0,0,255,255,255
247500,5,0,0,255,255,255
247750,5,0,0,255,255,255
248000,5,0,0,255,255,255
248250,5,0,0,255,255,255
248500,5,0,0,255,255,255
248750,5,0,0,255,255,255
249000,5,0,0,255,255,255
249250,5,0,0,255,255,255
249500,5,0,0,255,255,255
249750,5,0,0,255,255,255
250000,5,0,0,255,255,255
250250,5,0,0,255,255,255
250500,5,0,0,255,255,255
250750,5,0,0,255,255,255
251000,5,0,0,255,255,255
251250,5,0,0,255,255,255
251500,5,0,0,255,255,255
251750,5,0,0,255,255,255
252000,5,0,0,255,255,255
252250,5,0,0,255,255,255
252500,5,0,0,255,255,255
252750,5,0,0,255,255,255
253000,5,0,0,255,255,255
253250,5,0,0,255,255,255
253500,5,0,0,255,255,255
253750,5,0,0,255,255,255
254000,5,0,0,255,255,255
254250,5,0,0,255,255,255
254500,5,0,0,255,255,255
254750,5,0,0,255,255,255
255000,5,0,0,255,255,255
255250,5,0,0,255,255,255
255500,5,0,0,255,255,255
255750,5,0,0,255,255,255
256000,5,0,0,255,255,255
256250,5,0,0,255,255,255
256500,5,0,0,255,255,255
256750,5,0,0,255,255,255
257000,5,0,0,255,255,255
257250,5,0,0,255,255,255
257500,5,0,0,255,255,255
257750,5,0,0,255,255,255
258000,5,0,0,255,255,255
258250,5,0,0,255,255,255
258500,5,0,0,255,255,255
258750,5,0,0,255,255,255
259000,5,0,0,255,255,255
259250,5,0,0,255,255,255
259500,5,0,0,255,255,255
259750,5,0,0,255,255,255
260000,5,0,0,255,255,255
260250,5,0,0,255,255,255
260500,5,0,0,255,255,255
260750,5,0,0,255,255,255
261000,5,0,0,255,255,255
261250,5,0,0,255,255,255
261500,5,0,0,255,255,255
261750,5,0,0,255,255,255
262000,5,0,0,255,255,255
262250,5,0,0,255,255,255
262500,5,0,0,255,255,255
262750,5,0,0,255,255,255
263000,5,0,0,255,255,255
263250,5,0,0,255,255,255
263500,5,0,0,255,255,255
263750,5,0,0,255,255,255
264000,5,0,0,255,255,255
264250,5,0,0,255,255,255
264500,5,0,0,255,255,255
264750,5,0,0,255,255,255
265000,5,0,0,255,255,255
265250,5,0,0,255,255,255
265500,5,0,0,255,255,255
265750,5,0,0,255,255,255
266000,5,0,0,255,255,255
266250,5,0,0,255,255,255
266500,5,0,0,255,255,255
266750,5,0,0,255,255,255
267000,5,0,0,255,255,255
267250,5,0,0,255,255,255
267500,5,0,0,255,255,255
267750,5,0,0,255,255,255
268000,5,0,0,255,255,255
268250,5,0,0,255,255,255
268500,5,0,0,255,255,255
268750,5,0,0,255,255,255
269000,5,0,0,255,255,255
269250,5,0,0,255,255,255
269500,5,0,0,255,255,255
269750,5,0,0,255,255,255
270000,5,0,0,255,255,255
270250,5,0,0,255,255,255
270500,5,0,0,255,255,255
270750,5,0,0,255,255,255
271000,5,0,0,255,255,255
271250,5,0,0,255,255,255
271500,5,0,0,255,255,255
271750,5,0,0,255,255,255
272000,5,0,0,255,255,255
272250,5,0,0,255,255,255
272500,5,0,0,255,255,255
272750,5,0,0,255,255,255
273000,5,0,0,255,255,255
273250,5,0,0,255,255,255
273500,5,0,0,255,255,255
273750,5,0,0,255,255,255
274000,5,0,0,255,255,255
274250,5,0,0,255,255,255
274500,5,0,0,255,255,255
274750,5,0,0,255,255,255
275000,5,0,0,255,255,255
275250,5,0,0,255,255,255
275500,5,0,0,255,255,255
275750,5,0,0,255,255,255
276000,5,0,0,255,255,255
276250,5,0,0,255,255,255
276500,5,0,0,255,255,255
276750,5,0,0,255,255,255
277000,5,0,0,255,255,255
277250,5,0,0,255,255,255
277500,5,0,0,255,255,255
277750,5,0,0,255,255,255
278000,5,0,0,255,255,255
278250,5,0,0,255,255,255
278500,5,0,0,255,255,255
278750,5,0,0,255,255,255
279000,5,0,0,255,255,255
279250,5,0,0,255,255,255
279500,5,0,0,255,255,255
279750,5,0,0,255,255,255
280000,5,0,0,255,255,255
280250,5,0,0,255,255,255
280500,5,0,0,255,255,255
280750,5,0,0,255,255,255
281000,5,0,0,255,255,255
281250,5,0,0,255,255,255
281500,5,0,0,255,255,255
281750,5,0,0,255,255,255
282000,5,0,0,255,255,255
282250,5,0,0,255,255,255
282500,5,0,0,255,255,255
282750,5,0,0,255,255,255
283000,5,0,0,255,255,255
283250,5,0,0,255,255,255
283500,5,0,0,255,255,255
283750,5,0,0,255,255,255
284000,5,0,0,255,255,255
284250,5,0,0,255,255,255
284500,5,0,0,255,255,255
284750,5,0,0,255,255,255
285000,5,0,0,255,255,255
285250,5,0,0,255,255,255
285500,5,0,0,255,255,255
285750,5,0,0,255,255,255
286000,5,0,0,255,255,255
286250,5,0,0,255,255,255
286500,5,0,0,255,255,255
286750,5,0,0,255,255,255
287000,5,0,0,255,255,255
287250,5,0,0,255,255,255
287500,5,0,0,255,255,255
287750,5,0,0,255,255,255
288000,5,0,0,255,255,255
288250,5,0,0,255,255,255
288500,5,0,0,255,255,255
288750,5,0,0,255,255,255
289000,5,0,0,255,255,255
289250,5,0,0,255,255,255
289500,5,0,0,255,255,255
289750,5,0,0,255,255,255
290000,5,0,0,255,255,255
290250,5,0,0,255,255,255
290500,5,0,0,255,255,255
290750,5,0,0,255,255,255
291000,5,0,0,255,255,255
291250,5,0,0,255,255,255
291500,5,0,0,255,255,255
291750,5,0,0,255,255,255
292000,5,0,0,255,255,255
292250,5,0,0,255,255,255
292500,5,0,0,255,255,255
292750,5,0,0,255,255,255
293000,5,0,0,255,255,255
293250,5,0,0,255,255,255
293500,5,0,0,255,255,255
293750,5,0,0,255,255,255
294000,5,0,0,255,255,255
294250,5,0,0,255,255,255
294500,5,0,0,255,255,255
294750,5,0,0,255,255,255
295000,5,0,0,255,255,255
295250,5,0,0,255,255,255
295500,5,0,0,255,255,255
295750,5,0,0,255,255,255
296000,5,0,0,255,255,255
296250,5,0,0,255,255,255
296500,5,0,0,255,255,255
296750,5,0,0,255,255,255
297000,5,0,0,255,255,255
297250,5,0,0,255,255,255
297500,5,0,0,255,255,255
297750,5,0,0,255,255,255
298000,5,0,0,255,255,255
298250,5,0,0,255,255,255
298500,5,0,0,255,255,255
298750,5,0,0,255,255,255
299000,5,0,0,255,255,255
299250,5,0,0,255,255,255
299500,5,0,0,255,255,255
299750,5,0,0,255,255,255
300000,5,0,0,255,255,255
300250,5,0,0,255,255,255
300500,5,0,0,255,255,255
300750,5,0,0,255,255,255
301000,5,0,0,255,255,255
301250,5,0,0,255,255,255
301500,5,0,0,255,255,255
301750,5,0,0,255,255,255
302000,5,0,0,255,255,255
302250,5,0,0,255,255,255
302500,5,0,0,255,255,255
302750,5,0,0,255,255,255
303000,5,0,0,255,255,255
303250,5,0,0,255,255,255
303500,5,0,0,255,255,255
303750,5,0,0,255,255,255
304000,5,0,0,255,255,255
304250,5,0,0,255,255,255
304500,5,0,0,255,255,255
304750,5,0,0,255,255,255
305000,5,0,0,255,255,255
305250,5,0,0,255,255,255
305500,5,0,0,255,255,255
305750,5,0,0,255,255,255
306000,5,0,0,255,255,255
306250,5,0,0,255,255,255
306500,5,0,0,255,255,255
306750,5,0,0,255,255,255
307000,5,0,0,255,255,255
307250,5,0,0,255,255,255
307500,5,0,0,255,255,255
307750,5,0,0,255,255,255
308000,5,0,0,255,255,255
308250,5,0,0,255,255,255
308500,5,0,0,255,255,255
308750,5,0,0,255,255,255
309000,5,0,0,255,255,255
309250,5,0,0,255,255,255
309500,5,0,0,255,255,255
309750,5,0,0,255,255,255
310000,5,0,0,255,255,255
310250,5,0,0,255,255,255
310500,5,0,0,255,255,255
310750,5,0,0,255,255,255
311000,5,0,0,255,255,255
311250,5,0,0,255,255,255
311500,5,0,0,255,255,255
311750,5,0,0,255,255,255
312000,5,0,0,255,255,255
312250,5,0,0,255,255,255
312500,5,0,0,255,255,255
312750,5,0,0,255,255,255
313000,5,0,0,255,255,255
313250,5,0,0,255,255,255
313500,5,0,0,255,255,255
313750,5,0,0,255,255,255
314000,5,0,0,255,255,255
314250,5,0,0,255,255,255
314500,5,0,0,255,255,255
314750,5,0,0,255,255,255
315000,5,0,0,255,255,255
315250,5,0,0,255,255,255
315500,5,0,0,255,255,255
315750,5,0,0,255,255,255
316000,5,0,0,255,255,255
316250,5,0,0,255,255,255
316500,5,0,0,255,255,255
316750,5,0,0,255,255,255
317000,5,0,0,255,255,255
317250,5,0,0,255,255,255
317500,5,0,0,255,255,255
317750,5,0,0,255,255,255
318000,5,0,0,255,255,255
318250,5,0,0,255,255,255
318500,5,0,0,255,255,255
318750,5,0,0,255,255,255
319000,5,0,0,255,255,255
319250,5,0,0,255,255,255
319500,5,0,0,255,255,255
319750,5,0,0,255,255,255
320000,5,0,0,255,255,255
320250,5,0,0,255,255,255
320500,5,0,0,255,255,255
320750,5,0,0,255,255,255
321000,5,0,0,255,255,255
321250,5,0,0,255,255,255
321500,5,0,0,255,255,255
321750,5,0,0,255,255,255
322000,5,0,0,255,255,255
322250,5,0,0,255,255,255
322500,5,0,0,255,255,255
322750,5,0,0,255,255,255
323000,5,0,0,255,255,255
323250,5,0,0,255,255,255
323500,5,0,0,255,255,255
323750,5,0,0,255,255,255
324000,5,0,0,255,255,255
324250,5,0,0,255,255,255
324500,5,0,0,255,255,255
324750,5,0,0,255,255,255
325000,5,0,0,255,255,255
325250,5,0,0,255,255,255
325500,5,0,0,255,255,255
325750,5,0,0,255,255,255
326000,5,0,0,255,255,255
326250,5,0,0,255,255,255
326500,5,0,0,255,255,255
326750,5,0,0,255,255,255
327000,5,0,0,255,255,255
327250,5,0,0,255,255,255
327500,5,0,0,255,255,255
327750,5,0,0,255,255,255
328000,5,0,0,255,255,255
328250,5,0,0,255,255,255
328500,5,0,0,255,255,255
328750,5,0,0,255,255,255
329000,5,0,0,255,255,255
329250,5,0,0,255,255,255
329500,5,0,0,255,255,255
329750,5,0,0,255,255,255
330000,5,0,0,255,255,255
330250,5,0,0,255,255,255
330500,5,0,0,255,255,255
330750,5,0,0,255,255,255
331000,5,0,0,255,255,255
331250,5,0,0,255,255,255
331500,5,0,0,255,255,255
331750,5,0,0,255,255,255
332000,5,0,0,255,255,255
332250,5,0,0,255,255,255
332500,5,0,0,255,255,255
332750,5,0,0,255,255,255
333000,5,0,0,255,255,255
333250,5,0,0,255,255,255
